age,income,score,zipcode,city,extra_data
34.0,55000.0,0.6538461538461533,90210,Beverly,
45.0,52000.0,1.0,10001,New York,42.0
29.0,42000.0,0.5961538461538458,60614,Chicago,
50.0,58000.0,0.4230769230769229,94103,SF,
38.0,52000.0,0.8846153846153841,73301,Austin,
39.5,52000.0,0.0,12345,Unknown,5.0
41.0,49000.0,0.5384615384615383,94105,San Francisco,
